<!DOCTYPE qgis_style>
<qgis_style version="2">
  <symbols/>
  <colorramps>
    <colorramp name="koala" tags="Colorful" type="gradient">
      <Option type="Map">
        <Option name="color1" value="247,252,222,255,hsv:0.19563888888888889,0.11940184634164951,0.99005111772335397,1" type="QString"/>
        <Option name="color2" value="52,55,41,255,hsv:0.19563888888888889,0.25000381475547417,0.21393148699168382,1" type="QString"/>
        <Option name="direction" value="ccw" type="QString"/>
        <Option name="discrete" value="0" type="QString"/>
        <Option name="rampType" value="gradient" type="QString"/>
        <Option name="spec" value="rgb" type="QString"/>
        <Option name="stops" value="0.2;225,235,176,255,hsv:0.19563888888888889,0.25000381475547417,0.92039368276493472,1;rgb;ccw:0.4;163,170,127,255,hsv:0.19563888888888889,0.25000381475547417,0.66666666666666663,1;rgb;ccw:0.6;127,133,100,255,hsv:0.19563888888888889,0.25000381475547417,0.52239261463340203,1;rgb;ccw:0.8;89,93,69,255,hsv:0.19563888888888889,0.25000381475547417,0.36317998016327152,1;rgb;ccw" type="QString"/>
      </Option>
    </colorramp>
  </colorramps>
  <textformats/>
  <labelsettings/>
  <legendpatchshapes/>
  <symbols3d/>
</qgis_style>
